<?xml version="1.0" encoding="utf-8"?>
<updates>
    <update>
        <name>Bears Bears Clock</name>
        <description>Bears Clock module by Bear</description>
        <element>mod_bearsclock</element>
        <type>module</type>
        <version>2025.07.18</version>
        <client>site</client>
        <infourl title="GitHub Repository">https://github.com/N6REJ/mod_bearsclock</infourl>
        <downloads>
            <downloadurl type="full" format="zip">https://github.com/N6REJ/mod_bearsclock/releases/download/2025.07.18/mod_bearsclock_2025.07.18.zip</downloadurl>
        </downloads>
        <targetplatform name="joomla" version="4.*" />
        <targetplatform name="joomla" version="5.*" />
        <php_minimum>8.1</php_minimum>
    </update>
</updates>
